id,intent,text,entities
1,ood_negative,gym membership info,{}
2,ood_negative,university admission info,{}
3,ood_negative,issue with crypto trading,{}
4,ood_negative,fashion discount ka process? 😅,{}
5,ood_negative,mujhe whatsapp not opening chahiye abhi,{}
6,ood_negative,doctor appointment booking problem help?,{}
7,ood_negative,board roll number info,{}
8,ood_negative,how to bake cake ka process? plz,{}
9,ood_negative,passport office kidhar hota yr,{}
10,ood_negative,how to gym membership,{}
11,ood_negative,token tax kahan milega,{}
12,ood_negative,stock market tips info,{}
13,ood_negative,PTCL bill issue problem,{}
14,ood_negative,mujhe mobile overheating chahiye,{}
15,ood_negative,housing society dues kidhar hota,{}
16,ood_negative,how to instagram hacked,{}
17,ood_negative,issue with housing society dues 🤦,{}
18,ood_negative,job application help,{}
19,ood_negative,mujhe wifi not working chahiye 😅,{}
20,ood_negative,travel visa info,{}
21,ood_negative,issue with whatsapp not opening,{}
22,ood_negative,kya election results yahan hota,{}
23,ood_negative,wedding hall booking ka process? abhi,{}
24,ood_negative,kya housing society dues yahan hota,{}
25,ood_negative,mujhe scholarship apply chahiye 😅,{}
26,ood_negative,car resale value problem,{}
27,ood_negative,electricity new connection cost? please,{}
28,ood_negative,bikes price list ka kya scene hai 🤦,{}
29,ood_negative,housing society dues office timing 🤦,{}
30,ood_negative,restaurant booking help,{}
31,ood_negative,board roll number problem,{}
32,ood_negative,mujhe crypto trading chahiye,{}
33,ood_negative,gas bill correction info,{}
34,ood_negative,fashion discount help,{}
35,ood_negative,issue with school fee,{}
36,ood_negative,binance account ka process? abhi,{}
37,ood_negative,bikes price list ka process? 😅,{}
38,ood_negative,issue with university admission 😅,{}
39,ood_negative,kya electricity new connection yahan hota urgent,{}
40,ood_negative,generator maintenance office timing,{}
41,ood_negative,mujhe bikes price list chahiye yr,{}
42,ood_negative,food delivery complaint kidhar hota,{}
43,ood_negative,kya marksheet yahan hota,{}
44,ood_negative,university fee challan ka kya scene hai urgent,{}
45,ood_negative,issue with crypto trading ???,{}
46,ood_negative,issue with job application,{}
47,ood_negative,train timing office timing abhi,{}
48,ood_negative,kya wifi not working yahan hota,{}
49,ood_negative,gas bill correction kahan milega,{}
50,ood_negative,car resale value kahan milega,{}
51,ood_negative,how to gas bill correction,{}
52,ood_negative,mujhe facebook password reset chahiye,{}
53,ood_negative,wifi not working cost? 🤦,{}
54,ood_negative,excise tax help bhai,{}
55,ood_negative,online shopping refund ka process? please,{}
56,ood_negative,issue with how to bake cake plz,{}
57,ood_negative,school fee cost? jaldi,{}
58,ood_negative,wedding hall booking info,{}
59,ood_negative,issue with whatsapp not opening help?,{}
60,ood_negative,jazz cash transfer info,{}
61,ood_negative,how to whatsapp not opening,{}
62,ood_negative,doctor appointment booking help,{}
63,ood_negative,bikes price list problem urgent,{}
64,ood_negative,kya vehicle registration yahan hota plz,{}
65,ood_negative,cooking recipe kahan milega ???,{}
66,ood_negative,pharmacy delivery info,{}
67,ood_negative,housing society dues help ???,{}
68,ood_negative,passport office ka process? plz,{}
69,ood_negative,kya haircut appointment yahan hota 😅,{}
70,ood_negative,electricity new connection kidhar hota,{}
71,ood_negative,sim biometric problem abhi,{}
72,ood_negative,university fee challan ka process? help?,{}
73,ood_negative,vehicle registration problem yr,{}
74,ood_negative,weather tomorrow in paris kidhar hota bhai,{}
75,ood_negative,kya travel visa yahan hota,{}
76,ood_negative,car resale value info,{}
77,ood_negative,token tax info help?,{}
78,ood_negative,how to washing machine repair,{}
79,ood_negative,mujhe sports match score chahiye ???,{}
80,ood_negative,movie tickets kidhar hota,{}
81,ood_negative,mujhe wedding hall booking chahiye urgent,{}
82,ood_negative,mujhe jazz cash transfer chahiye,{}
83,ood_negative,restaurant booking office timing,{}
84,ood_negative,whatsapp not opening kahan milega,{}
85,ood_negative,car resale value ka kya scene hai,{}
86,ood_negative,scholarship apply info,{}
87,ood_negative,jazz cash transfer problem,{}
88,ood_negative,bank loan rates info abhi,{}
89,ood_negative,marksheet cost?,{}
90,ood_negative,mujhe crypto trading chahiye,{}
91,ood_negative,easypaisa problem problem,{}
92,ood_negative,coding bug in python ka process? abhi,{}
93,ood_negative,how to bake cake problem help?,{}
94,ood_negative,issue with matric result jaldi,{}
95,ood_negative,train timing ka process? urgent,{}
96,ood_negative,facebook password reset kahan milega,{}
97,ood_negative,issue with gym membership jaldi,{}
98,ood_negative,how to bank loan rates 🤦,{}
99,ood_negative,university admission office timing,{}
100,ood_negative,crypto trading kahan milega,{}
101,ood_negative,restaurant booking help,{}
102,ood_negative,bikes price list info,{}
103,ood_negative,coding bug in python kahan milega,{}
104,ood_negative,bank loan rates ka kya scene hai,{}
105,ood_negative,jazz cash transfer cost? 😅,{}
106,ood_negative,easypaisa problem help ???,{}
107,ood_negative,laptop battery replacement cost? jaldi,{}
108,ood_negative,kya housing society dues yahan hota,{}
109,ood_negative,how to sim biometric ???,{}
110,ood_negative,mobile overheating help,{}
111,ood_negative,token tax info,{}
112,ood_negative,kya university fee challan yahan hota,{}
113,ood_negative,kya haircut appointment yahan hota,{}
114,ood_negative,scholarship apply info abhi,{}
115,ood_negative,train timing ka process?,{}
116,ood_negative,stock market tips cost? plz,{}
117,ood_negative,job application office timing,{}
118,ood_negative,instagram hacked cost?,{}
119,ood_negative,how to CNIC renewal,{}
120,ood_negative,mujhe doctor appointment booking chahiye,{}
121,ood_negative,travel visa ka process?,{}
122,ood_negative,board roll number info ???,{}
123,ood_negative,kya board roll number yahan hota,{}
124,ood_negative,issue with whatsapp not opening please,{}
125,ood_negative,issue with binance account,{}
126,ood_negative,mujhe scholarship apply chahiye,{}
127,ood_negative,mujhe laptop battery replacement chahiye,{}
128,ood_negative,food delivery complaint help,{}
129,ood_negative,issue with doctor appointment booking please,{}
130,ood_negative,easypaisa problem info kya hai ye,{}
131,ood_negative,bikes price list ka kya scene hai,{}
132,ood_negative,vehicle registration problem,{}
133,ood_negative,wedding hall booking cost?,{}
134,ood_negative,mujhe how to bake cake chahiye,{}
135,ood_negative,jazz cash transfer ka process?,{}
136,ood_negative,gym membership kahan milega,{}
137,ood_negative,laptop battery replacement cost?,{}
138,ood_negative,laptop battery replacement kidhar hota,{}
139,ood_negative,kya crypto trading yahan hota,{}
140,ood_negative,AC gas refill office timing,{}
141,ood_negative,generator maintenance help,{}
142,ood_negative,issue with crypto trading,{}
143,ood_negative,issue with generator maintenance jaldi,{}
144,ood_negative,instagram hacked help 🤦,{}
145,ood_negative,stock market tips office timing abhi,{}
146,ood_negative,AC gas refill kahan milega,{}
147,ood_negative,how to bake cake cost?,{}
148,ood_negative,how to how to bake cake,{}
149,ood_negative,whatsapp not opening problem,{}
150,ood_negative,mujhe matric result chahiye,{}
151,ood_negative,instagram hacked cost?,{}
152,ood_negative,restaurant booking info ???,{}
153,ood_negative,stock market tips office timing 🤦,{}
154,ood_negative,haircut appointment help,{}
155,ood_negative,kya marksheet yahan hota kya hai ye,{}
156,ood_negative,car resale value kidhar hota,{}
157,ood_negative,issue with teacher contact please,{}
158,ood_negative,whatsapp not opening problem ???,{}
159,ood_negative,university fee challan office timing,{}
160,ood_negative,board roll number problem,{}
161,ood_negative,teacher contact kidhar hota,{}
162,ood_negative,fashion discount help bhai,{}
163,ood_negative,issue with wedding hall booking kya hai ye,{}
164,ood_negative,university fee challan office timing,{}
165,ood_negative,whatsapp not opening ka process?,{}
166,ood_negative,mobile packages office timing,{}
167,ood_negative,haircut appointment help,{}
168,ood_negative,mujhe train timing chahiye 🤦,{}
169,ood_negative,mujhe mobile packages chahiye,{}
170,ood_negative,how to teacher contact,{}
171,ood_negative,how to excise tax,{}
172,ood_negative,housing society dues help 😅,{}
173,ood_negative,mujhe excise tax chahiye,{}
174,ood_negative,mujhe gas bill correction chahiye,{}
175,ood_negative,bikes price list kahan milega 😅,{}
176,ood_negative,train timing ka process? kya hai ye,{}
177,ood_negative,fashion discount office timing,{}
178,ood_negative,easypaisa problem problem plz,{}
179,ood_negative,mujhe mobile overheating chahiye help?,{}
180,ood_negative,mujhe job application chahiye ???,{}
181,ood_negative,fashion discount ka process?,{}
182,ood_negative,kya movie tickets yahan hota,{}
183,ood_negative,gym membership cost?,{}
184,ood_negative,crypto trading office timing,{}
185,ood_negative,passport office ka process? yr,{}
186,ood_negative,token tax kidhar hota,{}
187,ood_negative,generator maintenance kahan milega,{}
188,ood_negative,kya cooking recipe yahan hota,{}
189,ood_negative,how to university fee challan,{}
190,ood_negative,kya laptop battery replacement yahan hota bhai,{}
191,ood_negative,instagram hacked office timing,{}
192,ood_negative,restaurant booking kahan milega,{}
193,ood_negative,gas bill correction kahan milega,{}
194,ood_negative,easypaisa problem office timing 🤦,{}
195,ood_negative,pharmacy delivery ka kya scene hai yr,{}
196,ood_negative,train timing ka process?,{}
197,ood_negative,university fee challan kidhar hota,{}
198,ood_negative,washing machine repair problem,{}
199,ood_negative,issue with weather tomorrow in paris urgent,{}
200,ood_negative,how to stock market tips ???,{}
201,ood_negative,university fee challan info,{}
202,ood_negative,how to stock market tips,{}
203,ood_negative,pharmacy delivery ka process? 🤦,{}
204,ood_negative,kya food delivery complaint yahan hota,{}
205,ood_negative,passport office cost?,{}
206,ood_negative,restaurant booking office timing 😅,{}
207,ood_negative,issue with cooking recipe 😅,{}
208,ood_negative,binance account office timing ???,{}
209,ood_negative,university admission kidhar hota 😅,{}
210,ood_negative,travel visa ka process?,{}
211,ood_negative,matric result info,{}
212,ood_negative,electricity new connection kidhar hota,{}
213,ood_negative,mujhe easypaisa problem chahiye,{}
214,ood_negative,issue with food delivery complaint abhi,{}
215,ood_negative,vehicle registration cost?,{}
216,ood_negative,haircut appointment ka process? abhi,{}
217,ood_negative,stock market tips kidhar hota abhi,{}
218,ood_negative,crypto trading ka kya scene hai help?,{}
219,ood_negative,issue with teacher contact,{}
220,ood_negative,how to how to bake cake,{}
221,ood_negative,restaurant booking kahan milega ???,{}
222,ood_negative,kya matric result yahan hota ???,{}
223,ood_negative,mujhe marksheet chahiye,{}
224,ood_negative,mujhe board roll number chahiye plz,{}
225,ood_negative,issue with university fee challan,{}
226,ood_negative,mujhe school fee chahiye 😅,{}
227,ood_negative,pharmacy delivery ka process?,{}
228,ood_negative,kya token tax yahan hota,{}
229,ood_negative,license renewal problem 😅,{}
230,ood_negative,election results kidhar hota,{}
231,ood_negative,facebook password reset office timing,{}
232,ood_negative,housing society dues info,{}
233,ood_negative,stock market tips kidhar hota,{}
234,ood_negative,issue with AC gas refill,{}
235,ood_negative,travel visa kahan milega,{}
236,ood_negative,teacher contact info,{}
237,ood_negative,mujhe school fee chahiye,{}
238,ood_negative,travel visa ka kya scene hai plz,{}
239,ood_negative,kya instagram hacked yahan hota,{}
240,ood_negative,bank loan rates kidhar hota,{}
241,ood_negative,mobile overheating kahan milega kya hai ye,{}
242,ood_negative,mujhe stock market tips chahiye,{}
243,ood_negative,issue with coding bug in python,{}
244,ood_negative,housing society dues ka kya scene hai,{}
245,ood_negative,how to electricity new connection,{}
246,ood_negative,excise tax ka process? help?,{}
247,ood_negative,kya bikes price list yahan hota kya hai ye,{}
248,ood_negative,board roll number cost?,{}
249,ood_negative,easypaisa problem problem yr,{}
250,ood_negative,mujhe how to bake cake chahiye jaldi,{}
251,ood_negative,pharmacy delivery office timing urgent,{}
252,ood_negative,food delivery complaint help,{}
253,ood_negative,kya vehicle registration yahan hota,{}
254,ood_negative,license renewal kidhar hota abhi,{}
255,ood_negative,issue with university admission,{}
256,ood_negative,stock market tips kahan milega ???,{}
257,ood_negative,how to bake cake office timing,{}
258,ood_negative,bikes price list ka process?,{}
259,ood_negative,cooking recipe help,{}
260,ood_negative,movie tickets ka kya scene hai please,{}
261,ood_negative,mobile packages help,{}
262,ood_negative,issue with university admission urgent,{}
263,ood_negative,laptop battery replacement kahan milega urgent,{}
264,ood_negative,how to bake cake cost?,{}
265,ood_negative,mujhe matric result chahiye plz,{}
266,ood_negative,wifi not working help,{}
267,ood_negative,kya election results yahan hota jaldi,{}
268,ood_negative,gym membership cost?,{}
269,ood_negative,election results cost?,{}
270,ood_negative,how to token tax,{}
271,ood_negative,kya marksheet yahan hota,{}
272,ood_negative,travel visa info,{}
273,ood_negative,how to whatsapp not opening jaldi,{}
274,ood_negative,token tax problem yr,{}
275,ood_negative,license renewal cost? please,{}
276,ood_negative,doctor appointment booking kidhar hota help?,{}
277,ood_negative,pharmacy delivery kidhar hota,{}
278,ood_negative,issue with board roll number,{}
279,ood_negative,AC gas refill kahan milega abhi,{}
280,ood_negative,issue with bikes price list 🤦,{}
281,ood_negative,excise tax office timing,{}
282,ood_negative,how to train timing,{}
283,ood_negative,pharmacy delivery office timing,{}
284,ood_negative,marksheet office timing,{}
285,ood_negative,online shopping refund problem,{}
286,ood_negative,PTCL bill issue problem,{}
287,ood_negative,how to PTCL bill issue,{}
288,ood_negative,bank account opening office timing,{}
289,ood_negative,mujhe online shopping refund chahiye 😅,{}
290,ood_negative,vehicle registration cost? abhi,{}
291,ood_negative,whatsapp not opening ka process? kya hai ye,{}
292,ood_negative,kya gym membership yahan hota,{}
293,ood_negative,how to mobile overheating abhi,{}
294,ood_negative,AC gas refill info,{}
295,ood_negative,sports match score kidhar hota,{}
296,ood_negative,mujhe CNIC renewal chahiye,{}
297,ood_negative,issue with travel visa,{}
298,ood_negative,doctor appointment booking office timing,{}
299,ood_negative,jazz cash transfer ka process?,{}
300,ood_negative,kya coding bug in python yahan hota bhai,{}
301,ood_negative,wifi not working ka process? please,{}
302,ood_negative,mujhe laptop battery replacement chahiye,{}
303,ood_negative,token tax kahan milega jaldi,{}
304,ood_negative,movie tickets info,{}
305,ood_negative,sports match score office timing,{}
306,ood_negative,washing machine repair ka kya scene hai,{}
307,ood_negative,binance account ka kya scene hai ???,{}
308,ood_negative,kya cooking recipe yahan hota jaldi,{}
309,ood_negative,issue with AC gas refill,{}
310,ood_negative,restaurant booking kahan milega urgent,{}
311,ood_negative,job application help,{}
312,ood_negative,pharmacy delivery ka kya scene hai,{}
313,ood_negative,facebook password reset kahan milega abhi,{}
314,ood_negative,mobile packages office timing,{}
315,ood_negative,election results problem,{}
316,ood_negative,wifi not working ka process?,{}
317,ood_negative,how to university admission,{}
318,ood_negative,gym membership ka kya scene hai,{}
319,ood_negative,how to bake cake info,{}
320,ood_negative,washing machine repair ka kya scene hai,{}
321,ood_negative,train timing help please,{}
322,ood_negative,board roll number cost? bhai,{}
323,ood_negative,binance account problem plz,{}
324,ood_negative,haircut appointment office timing,{}
325,ood_negative,how to sports match score urgent,{}
326,ood_negative,kya instagram hacked yahan hota,{}
327,ood_negative,generator maintenance info,{}
328,ood_negative,mujhe doctor appointment booking chahiye,{}
329,ood_negative,issue with passport office yr,{}
330,ood_negative,fashion discount office timing,{}
331,ood_negative,board roll number kahan milega,{}
332,ood_negative,CNIC renewal ka kya scene hai jaldi,{}
333,ood_negative,bank loan rates info,{}
334,ood_negative,restaurant booking kahan milega,{}
335,ood_negative,university admission cost?,{}
336,ood_negative,weather tomorrow in paris cost?,{}
337,ood_negative,mobile overheating info,{}
338,ood_negative,mujhe movie tickets chahiye,{}
339,ood_negative,PTCL bill issue cost?,{}
340,ood_negative,bikes price list ka kya scene hai,{}
341,ood_negative,mujhe laptop battery replacement chahiye help?,{}
342,ood_negative,mujhe food delivery complaint chahiye,{}
343,ood_negative,wedding hall booking office timing,{}
344,ood_negative,CNIC renewal help please,{}
345,ood_negative,wifi not working kidhar hota urgent,{}
346,ood_negative,issue with housing society dues,{}
347,ood_negative,school fee info,{}
348,ood_negative,kya wifi not working yahan hota urgent,{}
349,ood_negative,kya coding bug in python yahan hota,{}
350,ood_negative,doctor appointment booking ka process?,{}
351,ood_negative,sports match score kahan milega please,{}
352,ood_negative,issue with school fee plz,{}
353,ood_negative,kya PTCL bill issue yahan hota,{}
354,ood_negative,teacher contact problem,{}
355,ood_negative,electricity new connection cost? ???,{}
356,ood_negative,mujhe cooking recipe chahiye bhai,{}
357,ood_negative,kya train timing yahan hota,{}
358,ood_negative,wedding hall booking info yr,{}
359,ood_negative,crypto trading ka process?,{}
360,ood_negative,bikes price list ka kya scene hai please,{}
361,ood_negative,marksheet kahan milega,{}
362,ood_negative,issue with haircut appointment,{}
363,ood_negative,wifi not working info,{}
364,ood_negative,teacher contact help jaldi,{}
365,ood_negative,doctor appointment booking cost? 🤦,{}
366,ood_negative,teacher contact office timing,{}
367,ood_negative,mujhe cooking recipe chahiye,{}
368,ood_negative,how to wifi not working,{}
369,ood_negative,kya weather tomorrow in paris yahan hota 🤦,{}
370,ood_negative,coding bug in python office timing urgent,{}
371,ood_negative,teacher contact kahan milega 😅,{}
372,ood_negative,online shopping refund kidhar hota abhi,{}
373,ood_negative,housing society dues office timing,{}
374,ood_negative,vehicle registration help bhai,{}
375,ood_negative,excise tax info,{}
376,ood_negative,university admission ka kya scene hai kya hai ye,{}
377,ood_negative,teacher contact ka process? plz,{}
378,ood_negative,issue with teacher contact jaldi,{}
379,ood_negative,doctor appointment booking cost? 🤦,{}
380,ood_negative,kya binance account yahan hota kya hai ye,{}
381,ood_negative,stock market tips kidhar hota bhai,{}
382,ood_negative,PTCL bill issue ka kya scene hai,{}
383,ood_negative,wifi not working kidhar hota,{}
384,ood_negative,pharmacy delivery problem jaldi,{}
385,ood_negative,train timing ka process? jaldi,{}
386,ood_negative,laptop battery replacement ka process?,{}
387,ood_negative,board roll number office timing 🤦,{}
388,ood_negative,kya movie tickets yahan hota,{}
389,ood_negative,board roll number cost?,{}
390,ood_negative,travel visa info,{}
391,ood_negative,cooking recipe kahan milega,{}
392,ood_negative,mujhe wifi not working chahiye bhai,{}
393,ood_negative,how to wifi not working,{}
394,ood_negative,gas bill correction kidhar hota please,{}
395,ood_negative,scholarship apply cost? help?,{}
396,ood_negative,kya pharmacy delivery yahan hota,{}
397,ood_negative,facebook password reset kidhar hota,{}
398,ood_negative,board roll number kahan milega plz,{}
399,ood_negative,mujhe weather tomorrow in paris chahiye,{}
400,ood_negative,fashion discount help,{}
401,ood_negative,housing society dues problem 😅,{}
402,ood_negative,how to bake cake info jaldi,{}
403,ood_negative,how to job application,{}
404,ood_negative,jazz cash transfer kidhar hota 😅,{}
405,ood_negative,mobile packages ka kya scene hai,{}
406,ood_negative,stock market tips ka process? bhai,{}
407,ood_negative,how to sports match score,{}
408,ood_negative,AC gas refill ka kya scene hai,{}
409,ood_negative,kya cooking recipe yahan hota bhai,{}
410,ood_negative,food delivery complaint help,{}
411,ood_negative,doctor appointment booking kahan milega,{}
412,ood_negative,issue with scholarship apply ???,{}
413,ood_negative,scholarship apply problem jaldi,{}
414,ood_negative,crypto trading help,{}
415,ood_negative,marksheet help,{}
416,ood_negative,movie tickets kahan milega ???,{}
417,ood_negative,mobile packages kahan milega,{}
418,ood_negative,issue with train timing,{}
419,ood_negative,travel visa kidhar hota,{}
420,ood_negative,AC gas refill kahan milega,{}
421,ood_negative,marksheet kidhar hota,{}
422,ood_negative,mujhe teacher contact chahiye,{}
423,ood_negative,bank loan rates help,{}
424,ood_negative,jazz cash transfer problem plz,{}
425,ood_negative,school fee office timing,{}
426,ood_negative,mujhe university admission chahiye,{}
427,ood_negative,gas bill correction info,{}
428,ood_negative,how to university admission abhi,{}
429,ood_negative,mujhe food delivery complaint chahiye,{}
430,ood_negative,wedding hall booking kahan milega,{}
431,ood_negative,issue with school fee,{}
432,ood_negative,how to bake cake ka kya scene hai,{}
433,ood_negative,AC gas refill info,{}
434,ood_negative,how to electricity new connection,{}
435,ood_negative,pharmacy delivery help,{}
436,ood_negative,mujhe coding bug in python chahiye kya hai ye,{}
437,ood_negative,how to laptop battery replacement,{}
438,ood_negative,food delivery complaint ka process? 😅,{}
439,ood_negative,kya how to bake cake yahan hota bhai,{}
440,ood_negative,laptop battery replacement kidhar hota 🤦,{}
441,ood_negative,whatsapp not opening kahan milega,{}
442,ood_negative,mujhe car resale value chahiye 😅,{}
443,ood_negative,jazz cash transfer ka kya scene hai,{}
444,ood_negative,issue with fashion discount yr,{}
445,ood_negative,kya online shopping refund yahan hota,{}
446,ood_negative,issue with stock market tips,{}
447,ood_negative,issue with stock market tips,{}
448,ood_negative,university fee challan office timing,{}
449,ood_negative,gym membership cost?,{}
450,ood_negative,doctor appointment booking kahan milega ???,{}
451,ood_negative,CNIC renewal kahan milega,{}
452,ood_negative,kya excise tax yahan hota ???,{}
453,ood_negative,how to bank loan rates ???,{}
454,ood_negative,gas bill correction cost?,{}
455,ood_negative,mujhe restaurant booking chahiye ???,{}
456,ood_negative,gym membership kahan milega,{}
457,ood_negative,laptop battery replacement kidhar hota,{}
458,ood_negative,university admission ka kya scene hai bhai,{}
459,ood_negative,crypto trading info ???,{}
460,ood_negative,easypaisa problem office timing,{}
461,ood_negative,movie tickets ka process? help?,{}
462,ood_negative,PTCL bill issue ka kya scene hai ???,{}
463,ood_negative,travel visa problem,{}
464,ood_negative,housing society dues kidhar hota,{}
465,ood_negative,kya job application yahan hota help?,{}
466,ood_negative,kya instagram hacked yahan hota bhai,{}
467,ood_negative,bank loan rates info,{}
468,ood_negative,kya PTCL bill issue yahan hota,{}
469,ood_negative,issue with easypaisa problem plz,{}
470,ood_negative,scholarship apply help help?,{}
471,ood_negative,kya wedding hall booking yahan hota,{}
472,ood_negative,how to car resale value,{}
473,ood_negative,gym membership cost?,{}
474,ood_negative,mujhe job application chahiye,{}
475,ood_negative,token tax kahan milega abhi,{}
476,ood_negative,mujhe AC gas refill chahiye,{}
477,ood_negative,mujhe car resale value chahiye,{}
478,ood_negative,issue with university fee challan help?,{}
479,ood_negative,mujhe wedding hall booking chahiye,{}
480,ood_negative,teacher contact ka process? kya hai ye,{}
481,ood_negative,jazz cash transfer ka process? help?,{}
482,ood_negative,weather tomorrow in paris help,{}
483,ood_negative,mujhe sports match score chahiye,{}
484,ood_negative,cooking recipe ka process? help?,{}
485,ood_negative,sports match score kidhar hota,{}
486,ood_negative,restaurant booking kahan milega,{}
487,ood_negative,mujhe gas bill correction chahiye ???,{}
488,ood_negative,marksheet cost? abhi,{}
489,ood_negative,scholarship apply problem,{}
490,ood_negative,kya cooking recipe yahan hota,{}
491,ood_negative,housing society dues office timing urgent,{}
492,ood_negative,gas bill correction ka process? ???,{}
493,ood_negative,marksheet help bhai,{}
494,ood_negative,teacher contact cost? please,{}
495,ood_negative,coding bug in python kidhar hota,{}
496,ood_negative,travel visa kidhar hota abhi,{}
497,ood_negative,facebook password reset problem,{}
498,ood_negative,how to license renewal,{}
499,ood_negative,passport office problem,{}
500,ood_negative,mujhe wifi not working chahiye jaldi,{}
501,ood_negative,binance account kidhar hota,{}
502,ood_negative,issue with passport office,{}
503,ood_negative,board roll number ka kya scene hai,{}
504,ood_negative,board roll number office timing,{}
505,ood_negative,easypaisa problem kidhar hota ???,{}
506,ood_negative,passport office problem,{}
507,ood_negative,vehicle registration office timing,{}
508,ood_negative,kya university fee challan yahan hota yr,{}
509,ood_negative,issue with instagram hacked,{}
510,ood_negative,kya bank loan rates yahan hota ???,{}
511,ood_negative,mujhe food delivery complaint chahiye,{}
512,ood_negative,mujhe matric result chahiye,{}
513,ood_negative,kya facebook password reset yahan hota,{}
514,ood_negative,how to bake cake kidhar hota plz,{}
515,ood_negative,whatsapp not opening kahan milega,{}
516,ood_negative,online shopping refund ka process?,{}
517,ood_negative,issue with restaurant booking kya hai ye,{}
518,ood_negative,mujhe washing machine repair chahiye urgent,{}
519,ood_negative,kya cooking recipe yahan hota,{}
520,ood_negative,whatsapp not opening cost?,{}
521,ood_negative,issue with bank account opening,{}
522,ood_negative,coding bug in python kahan milega,{}
523,ood_negative,election results kahan milega plz,{}
524,ood_negative,laptop battery replacement office timing,{}
525,ood_negative,passport office problem,{}
526,ood_negative,license renewal kidhar hota,{}
527,ood_negative,mujhe whatsapp not opening chahiye,{}
528,ood_negative,mobile packages kahan milega,{}
529,ood_negative,gym membership problem kya hai ye,{}
530,ood_negative,university fee challan kidhar hota,{}
531,ood_negative,instagram hacked ka kya scene hai plz,{}
532,ood_negative,matric result office timing,{}
533,ood_negative,token tax help 🤦,{}
534,ood_negative,mujhe excise tax chahiye,{}
535,ood_negative,election results cost? ???,{}
536,ood_negative,CNIC renewal cost?,{}
537,ood_negative,issue with gas bill correction plz,{}
538,ood_negative,mujhe marksheet chahiye,{}
539,ood_negative,AC gas refill ka process? urgent,{}
540,ood_negative,teacher contact kidhar hota,{}
541,ood_negative,instagram hacked info please,{}
542,ood_negative,cooking recipe info yr,{}
543,ood_negative,mujhe jazz cash transfer chahiye,{}
544,ood_negative,kya binance account yahan hota abhi,{}
545,ood_negative,coding bug in python problem,{}
546,ood_negative,issue with haircut appointment abhi,{}
547,ood_negative,wedding hall booking office timing,{}
548,ood_negative,online shopping refund office timing please,{}
549,ood_negative,bank account opening kidhar hota jaldi,{}
550,ood_negative,jazz cash transfer kidhar hota 😅,{}
551,ood_negative,wifi not working kahan milega,{}
552,ood_negative,issue with CNIC renewal bhai,{}
553,ood_negative,mujhe whatsapp not opening chahiye please,{}
554,ood_negative,mujhe jazz cash transfer chahiye,{}
555,ood_negative,university admission ka kya scene hai please,{}
556,ood_negative,facebook password reset cost?,{}
557,ood_negative,passport office office timing,{}
558,ood_negative,mujhe school fee chahiye help?,{}
559,ood_negative,jazz cash transfer cost?,{}
560,ood_negative,issue with laptop battery replacement,{}
561,ood_negative,excise tax info,{}
562,ood_negative,binance account info jaldi,{}
563,ood_negative,pharmacy delivery office timing,{}
564,ood_negative,sim biometric kidhar hota,{}
565,ood_negative,cooking recipe kahan milega help?,{}
566,ood_negative,mobile overheating office timing ???,{}
567,ood_negative,how to jazz cash transfer urgent,{}
568,ood_negative,issue with facebook password reset jaldi,{}
569,ood_negative,generator maintenance kidhar hota,{}
570,ood_negative,school fee office timing,{}
571,ood_negative,easypaisa problem info kya hai ye,{}
572,ood_negative,matric result problem kya hai ye,{}
573,ood_negative,weather tomorrow in paris kidhar hota,{}
574,ood_negative,issue with weather tomorrow in paris,{}
575,ood_negative,wifi not working office timing,{}
576,ood_negative,how to housing society dues help?,{}
577,ood_negative,mujhe stock market tips chahiye,{}
578,ood_negative,wifi not working cost?,{}
579,ood_negative,university admission ka kya scene hai please,{}
580,ood_negative,mujhe vehicle registration chahiye,{}
581,ood_negative,washing machine repair info,{}
582,ood_negative,kya electricity new connection yahan hota urgent,{}
583,ood_negative,kya sports match score yahan hota urgent,{}
584,ood_negative,cooking recipe kahan milega 🤦,{}
585,ood_negative,washing machine repair problem please,{}
586,ood_negative,coding bug in python office timing,{}
587,ood_negative,housing society dues cost?,{}
588,ood_negative,kya doctor appointment booking yahan hota help?,{}
589,ood_negative,restaurant booking problem 😅,{}
590,ood_negative,how to bake cake ka process? jaldi,{}
591,ood_negative,mujhe teacher contact chahiye,{}
592,ood_negative,sim biometric problem,{}
593,ood_negative,PTCL bill issue cost?,{}
594,ood_negative,cooking recipe ka process?,{}
595,ood_negative,kya license renewal yahan hota,{}
596,ood_negative,wedding hall booking info kya hai ye,{}
597,ood_negative,issue with university fee challan plz,{}
598,ood_negative,mujhe excise tax chahiye,{}
599,ood_negative,AC gas refill info,{}
600,ood_negative,gas bill correction info 😅,{}
601,ood_negative,issue with washing machine repair,{}
602,ood_negative,kya gas bill correction yahan hota,{}
603,ood_negative,issue with PTCL bill issue,{}
604,ood_negative,pharmacy delivery cost?,{}
605,ood_negative,matric result kahan milega,{}
606,ood_negative,binance account kidhar hota,{}
607,ood_negative,how to vehicle registration,{}
608,ood_negative,bikes price list problem,{}
609,ood_negative,restaurant booking help,{}
610,ood_negative,gym membership ka process?,{}
611,ood_negative,how to vehicle registration,{}
612,ood_negative,gym membership info,{}
613,ood_negative,stock market tips kahan milega abhi,{}
614,ood_negative,mujhe online shopping refund chahiye kya hai ye,{}
615,ood_negative,instagram hacked info,{}
616,ood_negative,how to bake cake office timing,{}
617,ood_negative,university fee challan problem help?,{}
618,ood_negative,instagram hacked kahan milega 😅,{}
619,ood_negative,issue with washing machine repair,{}
620,ood_negative,job application cost?,{}
621,ood_negative,job application office timing 🤦,{}
622,ood_negative,issue with bank loan rates,{}
623,ood_negative,excise tax help,{}
624,ood_negative,wifi not working info help?,{}
625,ood_negative,PTCL bill issue ka process? 🤦,{}
626,ood_negative,food delivery complaint cost?,{}
627,ood_negative,mujhe weather tomorrow in paris chahiye ???,{}
628,ood_negative,teacher contact problem jaldi,{}
629,ood_negative,issue with binance account help?,{}
630,ood_negative,scholarship apply ka process?,{}
631,ood_negative,restaurant booking ka process? abhi,{}
632,ood_negative,weather tomorrow in paris help,{}
633,ood_negative,coding bug in python kidhar hota,{}
634,ood_negative,fashion discount ka kya scene hai please,{}
635,ood_negative,how to pharmacy delivery 😅,{}
636,ood_negative,mujhe travel visa chahiye,{}
637,ood_negative,teacher contact cost? jaldi,{}
638,ood_negative,passport office info jaldi,{}
639,ood_negative,stock market tips help,{}
640,ood_negative,wifi not working ka kya scene hai,{}
641,ood_negative,electricity new connection kidhar hota,{}
642,ood_negative,PTCL bill issue help,{}
643,ood_negative,license renewal office timing,{}
644,ood_negative,gym membership office timing,{}
645,ood_negative,how to teacher contact plz,{}
646,ood_negative,doctor appointment booking problem,{}
647,ood_negative,scholarship apply help,{}
648,ood_negative,cooking recipe help,{}
649,ood_negative,fashion discount ka kya scene hai,{}
650,ood_negative,election results help,{}
651,ood_negative,mujhe electricity new connection chahiye,{}
652,ood_negative,issue with online shopping refund,{}
653,ood_negative,fashion discount cost? ???,{}
654,ood_negative,wifi not working ka process? help?,{}
655,ood_negative,mujhe laptop battery replacement chahiye,{}
656,ood_negative,movie tickets help,{}
657,ood_negative,weather tomorrow in paris office timing,{}
658,ood_negative,matric result help urgent,{}
659,ood_negative,stock market tips ka process?,{}
660,ood_negative,car resale value info kya hai ye,{}
661,ood_negative,haircut appointment ka process?,{}
662,ood_negative,mujhe restaurant booking chahiye,{}
663,ood_negative,teacher contact problem,{}
664,ood_negative,wifi not working kahan milega urgent,{}
665,ood_negative,stock market tips kahan milega,{}
666,ood_negative,movie tickets ka process? bhai,{}
667,ood_negative,bank account opening problem,{}
668,ood_negative,school fee info,{}
669,ood_negative,haircut appointment ka kya scene hai,{}
670,ood_negative,board roll number ka process? plz,{}
671,ood_negative,jazz cash transfer ka process?,{}
672,ood_negative,how to cooking recipe,{}
673,ood_negative,kya restaurant booking yahan hota,{}
674,ood_negative,fashion discount kidhar hota,{}
675,ood_negative,token tax ka kya scene hai,{}
676,ood_negative,job application ka kya scene hai,{}
677,ood_negative,marksheet problem,{}
678,ood_negative,gas bill correction ka kya scene hai,{}
679,ood_negative,food delivery complaint office timing,{}
680,ood_negative,AC gas refill cost?,{}
681,ood_negative,matric result problem kya hai ye,{}
682,ood_negative,job application ka process? 🤦,{}
683,ood_negative,food delivery complaint cost?,{}
684,ood_negative,cooking recipe problem,{}
685,ood_negative,excise tax info jaldi,{}
686,ood_negative,PTCL bill issue ka process? abhi,{}
687,ood_negative,jazz cash transfer kidhar hota,{}
688,ood_negative,issue with CNIC renewal,{}
689,ood_negative,issue with board roll number ???,{}
690,ood_negative,housing society dues info,{}
691,ood_negative,kya scholarship apply yahan hota,{}
692,ood_negative,issue with mobile packages,{}
693,ood_negative,binance account ka process? abhi,{}
694,ood_negative,kya board roll number yahan hota,{}
695,ood_negative,electricity new connection cost?,{}
696,ood_negative,coding bug in python office timing,{}
697,ood_negative,kya haircut appointment yahan hota urgent,{}
698,ood_negative,issue with wifi not working urgent,{}
699,ood_negative,travel visa office timing,{}
700,ood_negative,how to excise tax,{}
701,ood_negative,issue with doctor appointment booking,{}
702,ood_negative,board roll number kahan milega,{}
703,ood_negative,haircut appointment ka process?,{}
704,ood_negative,election results office timing,{}
705,ood_negative,stock market tips help abhi,{}
706,ood_negative,coding bug in python problem,{}
707,ood_negative,kya AC gas refill yahan hota,{}
708,ood_negative,facebook password reset info,{}
709,ood_negative,token tax ka process?,{}
710,ood_negative,fashion discount info,{}
711,ood_negative,how to AC gas refill,{}
712,ood_negative,university fee challan kidhar hota,{}
713,ood_negative,mobile packages cost?,{}
714,ood_negative,stock market tips office timing ???,{}
715,ood_negative,kya pharmacy delivery yahan hota,{}
716,ood_negative,stock market tips help,{}
717,ood_negative,wedding hall booking kahan milega,{}
718,ood_negative,scholarship apply cost?,{}
719,ood_negative,sports match score office timing,{}
720,ood_negative,issue with haircut appointment,{}
721,ood_negative,token tax problem,{}
722,ood_negative,laptop battery replacement kahan milega,{}
723,ood_negative,wedding hall booking problem,{}
724,ood_negative,gas bill correction info,{}
725,ood_negative,how to bake cake info please,{}
726,ood_negative,university admission cost?,{}
727,ood_negative,token tax problem,{}
728,ood_negative,issue with gas bill correction,{}
729,ood_negative,food delivery complaint info help?,{}
730,ood_negative,vehicle registration kahan milega jaldi,{}
731,ood_negative,teacher contact help,{}
732,ood_negative,PTCL bill issue problem,{}
733,ood_negative,kya haircut appointment yahan hota ???,{}
734,ood_negative,electricity new connection kahan milega,{}
735,ood_negative,travel visa help yr,{}
736,ood_negative,bank account opening kidhar hota yr,{}
737,ood_negative,issue with haircut appointment,{}
738,ood_negative,bank loan rates kahan milega,{}
739,ood_negative,issue with weather tomorrow in paris,{}
740,ood_negative,kya jazz cash transfer yahan hota jaldi,{}
741,ood_negative,restaurant booking ka kya scene hai please,{}
742,ood_negative,whatsapp not opening office timing 😅,{}
743,ood_negative,kya bank loan rates yahan hota,{}
744,ood_negative,mujhe bank loan rates chahiye,{}
745,ood_negative,mujhe passport office chahiye ???,{}
746,ood_negative,restaurant booking ka process?,{}
747,ood_negative,CNIC renewal help 🤦,{}
748,ood_negative,food delivery complaint kahan milega,{}
749,ood_negative,bank loan rates ka process? ???,{}
750,ood_negative,travel visa kidhar hota help?,{}
751,ood_negative,mujhe bikes price list chahiye abhi,{}
752,ood_negative,how to gas bill correction,{}
753,ood_negative,mobile overheating info,{}
754,ood_negative,CNIC renewal kidhar hota,{}
755,ood_negative,vehicle registration info 😅,{}
756,ood_negative,mobile overheating ka kya scene hai,{}
757,ood_negative,mobile packages kidhar hota jaldi,{}
758,ood_negative,board roll number problem,{}
759,ood_negative,vehicle registration kidhar hota,{}
760,ood_negative,issue with bank loan rates 🤦,{}
761,ood_negative,how to train timing bhai,{}
762,ood_negative,jazz cash transfer cost? ???,{}
763,ood_negative,laptop battery replacement info yr,{}
764,ood_negative,electricity new connection kidhar hota,{}
765,ood_negative,electricity new connection ka kya scene hai,{}
766,ood_negative,kya gas bill correction yahan hota,{}
767,ood_negative,travel visa problem,{}
768,ood_negative,sim biometric info yr,{}
769,ood_negative,washing machine repair help please,{}
770,ood_negative,restaurant booking problem,{}
771,ood_negative,kya university fee challan yahan hota jaldi,{}
772,ood_negative,stock market tips office timing,{}
773,ood_negative,stock market tips help,{}
774,ood_negative,sim biometric kahan milega 🤦,{}
775,ood_negative,how to scholarship apply kya hai ye,{}
776,ood_negative,kya sports match score yahan hota yr,{}
777,ood_negative,issue with excise tax plz,{}
778,ood_negative,issue with AC gas refill,{}
779,ood_negative,election results problem,{}
780,ood_negative,washing machine repair office timing,{}
781,ood_negative,binance account ka process? abhi,{}
782,ood_negative,mujhe excise tax chahiye,{}
783,ood_negative,car resale value cost?,{}
784,ood_negative,binance account cost? plz,{}
785,ood_negative,university fee challan ka process? bhai,{}
786,ood_negative,board roll number kidhar hota,{}
787,ood_negative,whatsapp not opening cost?,{}
788,ood_negative,coding bug in python kidhar hota,{}
789,ood_negative,kya crypto trading yahan hota,{}
790,ood_negative,stock market tips office timing,{}
791,ood_negative,AC gas refill kidhar hota help?,{}
792,ood_negative,mujhe facebook password reset chahiye,{}
793,ood_negative,movie tickets problem,{}
794,ood_negative,restaurant booking problem,{}
795,ood_negative,washing machine repair cost?,{}
796,ood_negative,token tax ka kya scene hai jaldi,{}
797,ood_negative,issue with scholarship apply jaldi,{}
798,ood_negative,university fee challan cost?,{}
799,ood_negative,how to school fee,{}
800,ood_negative,university admission kahan milega,{}
801,ood_negative,wifi not working help,{}
802,ood_negative,coding bug in python help,{}
803,ood_negative,food delivery complaint ka kya scene hai,{}
804,ood_negative,bank account opening info,{}
805,ood_negative,passport office ka kya scene hai,{}
806,ood_negative,vehicle registration cost?,{}
807,ood_negative,electricity new connection kidhar hota,{}
808,ood_negative,bank loan rates ka kya scene hai,{}
809,ood_negative,whatsapp not opening ka kya scene hai,{}
810,ood_negative,how to whatsapp not opening abhi,{}
811,ood_negative,cooking recipe kidhar hota,{}
812,ood_negative,PTCL bill issue info,{}
813,ood_negative,issue with crypto trading,{}
814,ood_negative,mujhe doctor appointment booking chahiye,{}
815,ood_negative,travel visa cost?,{}
816,ood_negative,easypaisa problem problem,{}
817,ood_negative,school fee kahan milega help?,{}
818,ood_negative,gas bill correction cost?,{}
819,ood_negative,kya haircut appointment yahan hota,{}
820,ood_negative,car resale value cost? ???,{}
821,ood_negative,wifi not working office timing kya hai ye,{}
822,ood_negative,how to bake cake info abhi,{}
823,ood_negative,weather tomorrow in paris kidhar hota,{}
824,ood_negative,travel visa cost? jaldi,{}
825,ood_negative,university admission ka process?,{}
826,ood_negative,how to food delivery complaint 🤦,{}
827,ood_negative,how to stock market tips,{}
828,ood_negative,restaurant booking cost? yr,{}
829,ood_negative,election results kahan milega,{}
830,ood_negative,pharmacy delivery office timing,{}
831,ood_negative,board roll number help,{}
832,ood_negative,kya binance account yahan hota,{}
833,ood_negative,issue with AC gas refill help?,{}
834,ood_negative,vehicle registration problem yr,{}
835,ood_negative,how to gas bill correction,{}
836,ood_negative,issue with cooking recipe,{}
837,ood_negative,jazz cash transfer info ???,{}
838,ood_negative,instagram hacked ka kya scene hai,{}
839,ood_negative,mujhe mobile overheating chahiye,{}
840,ood_negative,how to gym membership,{}
841,ood_negative,mujhe gym membership chahiye yr,{}
842,ood_negative,washing machine repair kidhar hota,{}
843,ood_negative,restaurant booking ka kya scene hai jaldi,{}
844,ood_negative,how to bake cake cost? 🤦,{}
845,ood_negative,how to binance account,{}
846,ood_negative,bank loan rates cost?,{}
847,ood_negative,movie tickets ka kya scene hai,{}
848,ood_negative,mujhe fashion discount chahiye,{}
849,ood_negative,stock market tips kahan milega please,{}
850,ood_negative,kya easypaisa problem yahan hota kya hai ye,{}
851,ood_negative,jazz cash transfer help 😅,{}
852,ood_negative,matric result info,{}
853,ood_negative,electricity new connection kahan milega,{}
854,ood_negative,CNIC renewal office timing,{}
855,ood_negative,mujhe bikes price list chahiye ???,{}
856,ood_negative,how to binance account,{}
857,ood_negative,marksheet ka process?,{}
858,ood_negative,bikes price list info,{}
859,ood_negative,how to instagram hacked plz,{}
860,ood_negative,mujhe scholarship apply chahiye,{}
861,ood_negative,sports match score cost?,{}
862,ood_negative,doctor appointment booking cost? urgent,{}
863,ood_negative,stock market tips problem help?,{}
864,ood_negative,easypaisa problem ka process?,{}
865,ood_negative,mujhe AC gas refill chahiye plz,{}
866,ood_negative,kya food delivery complaint yahan hota,{}
867,ood_negative,mujhe coding bug in python chahiye,{}
868,ood_negative,excise tax help,{}
869,ood_negative,how to stock market tips,{}
870,ood_negative,kya gym membership yahan hota,{}
871,ood_negative,issue with jazz cash transfer jaldi,{}
872,ood_negative,matric result ka process?,{}
873,ood_negative,cooking recipe info,{}
874,ood_negative,bank loan rates help,{}
875,ood_negative,wedding hall booking info,{}
876,ood_negative,license renewal ka process?,{}
877,ood_negative,generator maintenance kahan milega,{}
878,ood_negative,how to university admission jaldi,{}
879,ood_negative,mujhe AC gas refill chahiye yr,{}
880,ood_negative,food delivery complaint info,{}
881,ood_negative,gym membership info plz,{}
882,ood_negative,travel visa info,{}
883,ood_negative,doctor appointment booking ka kya scene hai,{}
884,ood_negative,wedding hall booking ka kya scene hai ???,{}
885,ood_negative,weather tomorrow in paris info,{}
886,ood_negative,sim biometric help,{}
887,ood_negative,doctor appointment booking help please,{}
888,ood_negative,generator maintenance problem,{}
889,ood_negative,how to scholarship apply,{}
890,ood_negative,board roll number problem,{}
891,ood_negative,stock market tips office timing,{}
892,ood_negative,wifi not working help plz,{}
893,ood_negative,travel visa ka kya scene hai,{}
894,ood_negative,mujhe pharmacy delivery chahiye,{}
895,ood_negative,issue with wifi not working,{}
896,ood_negative,kya gym membership yahan hota,{}
897,ood_negative,board roll number cost?,{}
898,ood_negative,laptop battery replacement problem,{}
899,ood_negative,marksheet help,{}
900,ood_negative,PTCL bill issue kidhar hota abhi,{}
901,ood_negative,crypto trading ka process?,{}
902,ood_negative,crypto trading kidhar hota yr,{}
903,ood_negative,election results office timing,{}
904,ood_negative,online shopping refund problem,{}
905,ood_negative,AC gas refill info help?,{}
906,ood_negative,scholarship apply help,{}
907,ood_negative,mobile packages problem,{}
908,ood_negative,vehicle registration cost? 😅,{}
909,ood_negative,easypaisa problem help please,{}
910,ood_negative,instagram hacked ka kya scene hai help?,{}
911,ood_negative,crypto trading help,{}
912,ood_negative,how to bake cake info,{}
913,ood_negative,kya instagram hacked yahan hota,{}
914,ood_negative,binance account ka kya scene hai,{}
915,ood_negative,mujhe travel visa chahiye,{}
916,ood_negative,kya mobile packages yahan hota,{}
917,ood_negative,issue with train timing bhai,{}
918,ood_negative,kya teacher contact yahan hota,{}
919,ood_negative,binance account info,{}
920,ood_negative,housing society dues problem,{}
921,ood_negative,kya crypto trading yahan hota kya hai ye,{}
922,ood_negative,job application problem 🤦,{}
923,ood_negative,issue with mobile packages,{}
924,ood_negative,bikes price list office timing kya hai ye,{}
925,ood_negative,issue with bank loan rates,{}
926,ood_negative,crypto trading office timing,{}
927,ood_negative,excise tax ka kya scene hai,{}
928,ood_negative,passport office office timing,{}
929,ood_negative,electricity new connection info,{}
930,ood_negative,how to bank account opening,{}
931,ood_negative,how to movie tickets,{}
932,ood_negative,sim biometric problem,{}
933,ood_negative,stock market tips office timing urgent,{}
934,ood_negative,wifi not working office timing kya hai ye,{}
935,ood_negative,coding bug in python kidhar hota,{}
936,ood_negative,restaurant booking problem help?,{}
937,ood_negative,online shopping refund help please,{}
938,ood_negative,bank loan rates ka process? bhai,{}
939,ood_negative,how to wifi not working kya hai ye,{}
940,ood_negative,excise tax problem,{}
941,ood_negative,sports match score help 😅,{}
942,ood_negative,teacher contact kahan milega bhai,{}
943,ood_negative,mujhe board roll number chahiye,{}
944,ood_negative,how to food delivery complaint,{}
945,ood_negative,mujhe washing machine repair chahiye,{}
946,ood_negative,kya doctor appointment booking yahan hota,{}
947,ood_negative,mujhe weather tomorrow in paris chahiye,{}
948,ood_negative,how to bake cake office timing jaldi,{}
949,ood_negative,doctor appointment booking ka kya scene hai,{}
950,ood_negative,whatsapp not opening problem abhi,{}
951,ood_negative,mujhe sim biometric chahiye,{}
952,ood_negative,issue with washing machine repair abhi,{}
953,ood_negative,mujhe sim biometric chahiye yr,{}
954,ood_negative,matric result cost?,{}
955,ood_negative,token tax info,{}
956,ood_negative,mujhe marksheet chahiye kya hai ye,{}
957,ood_negative,coding bug in python problem,{}
958,ood_negative,crypto trading office timing ???,{}
959,ood_negative,laptop battery replacement kahan milega urgent,{}
960,ood_negative,marksheet kidhar hota,{}
961,ood_negative,how to vehicle registration ???,{}
962,ood_negative,washing machine repair kidhar hota,{}
963,ood_negative,facebook password reset kidhar hota abhi,{}
964,ood_negative,laptop battery replacement info,{}
965,ood_negative,generator maintenance kahan milega please,{}
966,ood_negative,whatsapp not opening help,{}
967,ood_negative,how to bake cake help,{}
968,ood_negative,marksheet ka process?,{}
969,ood_negative,issue with weather tomorrow in paris,{}
970,ood_negative,PTCL bill issue kahan milega 😅,{}
971,ood_negative,doctor appointment booking problem,{}
972,ood_negative,fashion discount problem,{}
973,ood_negative,PTCL bill issue info,{}
974,ood_negative,marksheet info help?,{}
975,ood_negative,binance account cost?,{}
976,ood_negative,mujhe easypaisa problem chahiye kya hai ye,{}
977,ood_negative,car resale value kahan milega urgent,{}
978,ood_negative,haircut appointment office timing please,{}
979,ood_negative,kya train timing yahan hota 😅,{}
980,ood_negative,gas bill correction office timing jaldi,{}
981,ood_negative,mujhe sports match score chahiye yr,{}
982,ood_negative,movie tickets help,{}
983,ood_negative,easypaisa problem office timing,{}
984,ood_negative,AC gas refill ka kya scene hai,{}
985,ood_negative,issue with scholarship apply,{}
986,ood_negative,issue with license renewal please,{}
987,ood_negative,kya easypaisa problem yahan hota,{}
988,ood_negative,instagram hacked ka kya scene hai bhai,{}
989,ood_negative,gas bill correction cost? bhai,{}
990,ood_negative,jazz cash transfer office timing,{}
991,ood_negative,school fee info urgent,{}
992,ood_negative,issue with generator maintenance,{}
993,ood_negative,jazz cash transfer help,{}
994,ood_negative,how to instagram hacked,{}
995,ood_negative,haircut appointment kidhar hota 😅,{}
996,ood_negative,restaurant booking info,{}
997,ood_negative,doctor appointment booking help yr,{}
998,ood_negative,mujhe gas bill correction chahiye help?,{}
999,ood_negative,issue with train timing jaldi,{}
1000,ood_negative,kya easypaisa problem yahan hota kya hai ye,{}
